点赞,评论,转发,日期,,
46,210,224,8月8日,0,8月29日
14,46,27,8月8日,0,8月28日
4,33,10,8月7日,0,8月27日
0,12,5,8月7日,0,8月26日
5,23,1,8月6日,0,8月25日
19,18,5,8月6日,0,8月24日
4,4,1,8月6日,0,8月23日
6,3,2,8月6日,0,8月22日
2,2,0,8月6日,0,8月21日
8,8,10,8月4日,0,8月20日
4,8,0,8月3日,0,8月19日
8,16,4,8月3日,0,8月18日
10,20,7,8月2日,0,8月17日
13,56,74,8月2日,0,8月16日
17,20,4,8月2日,0,8月15日
4479,1922,2348,8月2日,0,8月14日
5,6,9,8月1日,0,8月13日
10,11,3,7月31日,0,8月12日
1,6,13,7月31日,0,8月11日
15,7,3,7月30日,0,8月10日
2,5,1,7月30日,0,8月9日
1,1,0,7月30日,224,8月8日
2,2,0,7月30日,0,8月7日
4,10,2,7月27日,0,8月6日
32,100,152,7月27日,0,8月5日
35,96,150,7月27日,0,8月4日
6,8,1,7月26日,0,8月3日
27,104,188,7月24日,2348,8月2日
19,60,13,7月24日,0,8月1日
3,6,3,7月24日,0,7月31日
7,79,3,7月24日,0,7月30日
10,24,11,7月20日,0,7月29日
10,16,16,7月19日,0,7月28日
15,67,62,7月17日,302,7月27日
15,17,1,7月16日,0,7月26日
19,62,16,7月16日,0,7月25日
7,1,2,7月16日,201,7月24日
1478,3387,4297,7月16日,0,7月23日
19,47,65,7月13日,0,7月22日
4,8,14,7月12日,0,7月21日
434,240,371,7月12日,0,7月20日
5,34,1,7月11日,0,7月19日
7,6,3,7月11日,0,7月18日
25,115,16,7月11日,0,7月17日
4,14,3,7月10日,4297,7月16日
3,9,0,7月9日,0,7月15日
2,1,1,7月9日,0,7月14日
13,8,5,7月6日,0,7月13日
4,2,8,7月6日,371,7月12日
19,18,13,7月6日,0,7月11日
45,133,204,7月4日,0,7月10日
4,19,1,7月4日,0,7月9日
15,90,134,7月3日,0,7月8日
5,11,5,7月3日,0,7月7日
6,7,6,7月2日,0,7月6日
4,61,1,6月29日,0,7月5日
9,37,9,6月27日,0,7月4日
1,10,0,6月26日,0,7月3日
2,8,2,6月25日,0,7月2日
5,60,0,6月21日,0,7月1日
15,43,53,6月21日,0,6月30日
5,14,11,6月20日,0,6月29日
9,39,3,6月20日,0,6月28日
3,9,1,6月19日,0,6月27日
5,4,2,6月18日,0,6月26日
11,14,18,6月17日,0,6月25日
3,28,0,6月15日,0,6月24日
2,10,1,6月14日,0,6月23日
9,16,5,6月14日,0,6月22日
3,27,2,6月12日,0,6月21日
17,37,4,6月9日,0,6月20日
8,21,2,6月8日,0,6月19日
7,20,27,6月7日,0,6月18日
6,6,8,6月6日,0,6月17日
1,18,0,6月5日,0,6月16日
16,6,12,6月4日,0,6月15日
4,54,3,5月30日,0,6月14日
5,79,0,5月25日,0,6月13日
15,36,2,5月22日,0,6月12日
1416,2097,2588,5月21日,0,6月11日
3,2,1,5月21日,0,6月10日
14,60,3,5月18日,0,6月9日
51,229,553,5月14日,0,6月8日
14,22,2,5月13日,0,6月7日
4,7,1,5月12日,0,6月6日
12,57,2,5月11日,0,6月5日
6,32,4,5月8日,0,6月4日
20,21,8,5月8日,0,6月3日
15,13,3,5月8日,0,6月2日
22,17,5,5月7日,0,6月1日
3,6,1,5月7日,0,5月31日
21,35,6,5月5日,0,5月30日
3,9,0,5月5日,0,5月29日
5,3,3,5月4日,0,5月28日
6,3,0,5月4日,0,5月27日
6,3,3,5月4日,0,5月26日
3,4,3,5月4日,0,5月25日
6,2,4,5月4日,0,5月24日
3,1,2,5月4日,0,5月23日
3,2,3,5月4日,0,5月22日
1,1,3,5月4日,2588,5月21日
1,0,0,5月4日,0,5月20日
3,3,1,5月4日,0,5月19日
5,9,2,5月4日,0,5月18日
1289,557,739,5月4日,0,5月17日
9,56,4,4月27日,0,5月16日
4,9,4,4月26日,0,5月15日
10,20,6,4月24日,553,5月14日
13,3,2,4月24日,0,5月13日
8,12,3,4月23日,0,5月12日
5,15,2,4月23日,0,5月11日
2411,875,1280,4月20日,0,5月10日
22,48,7,4月20日,0,5月9日
99,750,258,4月20日,0,5月8日
137,178,101,4月19日,0,5月7日
32,52,22,4月18日,0,5月6日
5,59,2,4月16日,0,5月5日
20,137,7,4月10日,739,5月4日
10,33,0,4月9日,0,5月3日
6,37,1,4月9日,0,5月2日
140,705,475,4月8日,0,5月1日
13,22,3,4月5日,0,4月30日
19,18,7,4月3日,0,4月29日
6,20,1,4月3日,0,4月28日
36,282,43,4月2日,0,4月27日
172,126,899,4月2日,0,4月26日
10,52,1,3月31日,0,4月25日
20,58,8,3月29日,0,4月24日
8,8,0,3月29日,0,4月23日
15,50,3,3月28日,0,4月22日
2296,1426,3297,3月28日,0,4月21日
12,14,2,3月27日,1280,4月20日
8,40,0,3月26日,0,4月19日
13,40,3,3月24日,258,4月18日
8,27,0,3月24日,101,4月17日
8,34,3,3月23日,0,4月16日
13,15,2,3月23日,0,4月15日
5,33,4,3月22日,0,4月14日
0,9,5,3月22日,0,4月13日
2,9,1,3月22日,0,4月12日
11,9,1,3月22日,0,4月11日
12,33,8,3月21日,0,4月10日
4,12,1,3月21日,0,4月9日
7,3,3,3月21日,475,4月8日
9,11,0,3月20日,0,4月7日
5,12,6,3月20日,0,4月6日
6,10,4,3月20日,0,4月5日
24,23,7,3月20日,0,4月4日
19,19,4,3月19日,0,4月3日
20,93,5,3月19日,899,4月2日
5,18,0,3月18日,0,4月1日
13,5,3,3月18日,0,3月31日
7,15,0,3月16日,0,3月30日
9,6,1,3月15日,0,3月29日
12,47,2,3月14日,3297,3月28日
30,14,6,3月14日,0,3月27日
6,6,0,3月14日,0,3月26日
47,22,22,3月12日,0,3月25日
16,18,0,3月12日,0,3月24日
2522,722,1127,3月10日,0,3月23日
16,8,3,3月9日,0,3月22日
4,32,4,3月8日,0,3月21日
10,6,1,3月8日,0,3月20日
5,20,1,3月7日,0,3月19日
7,23,3,3月7日,0,3月18日
5,34,2,3月6日,0,3月17日
12,30,20,3月6日,0,3月16日
15,65,5,3月6日,0,3月15日
19,10,6,3月5日,0,3月14日
11,26,3,3月5日,0,3月13日
10,22,5,3月3日,0,3月12日
7,11,2,3月2日,0,3月11日
31,215,10,3月2日,1127,3月10日
5,6,2,3月2日,0,3月9日
7,15,0,3月1日,0,3月8日
11,36,7,3月1日,0,3月7日
9,76,10,2月28日,0,3月6日
4,10,1,2月28日,0,3月5日
2,12,0,2月27日,0,3月4日
14,16,10,2月26日,0,3月3日
42,61,4,2月25日,0,3月2日
22,20,2,2月25日,0,3月1日
5,20,0,2月24日,0,2月28日
7,41,0,2月23日,0,2月27日
5,8,3,2月23日,0,2月26日
6,38,1,2月22日,0,2月25日
21,37,6,2月22日,0,2月24日
21,9,17,2月20日,0,2月23日
8,30,4,2月19日,0,2月22日
207,59,56,2月18日,0,2月21日
9,24,0,2月16日,0,2月20日
19,15,2,2月16日,0,2月19日
10,9,2,2月16日,0,2月18日
29,16,2,2月14日,0,2月17日
9,60,0,2月14日,0,2月16日
2,53,1,2月14日,0,2月15日
9,3,2,2月14日,0,2月14日
7,1,0,2月14日,0,2月13日
43,10,6,2月13日,0,2月12日
15,25,0,2月13日,0,2月11日
54,24,9,2月12日,0,2月10日
66,45,29,2月11日,0,2月9日
68,66,14,2月10日,405,2月8日
15,178,4,2月9日,0,2月7日
29,39,2,2月9日,0,2月6日
1142,764,405,2月8日,0,2月5日
57,156,10,2月8日,0,2月4日
15,58,3,2月8日,0,2月3日
20,12,5,2月8日,0,2月2日
7,87,3,2月8日,164,2月1日
5,4,4,2月8日,8,1月31日
5,4,1,2月8日,0,1月30日
30,30,8,2月7日,12,1月29日
7,87,3,2月8日,120,1月28日
5,4,4,2月8日,0,1月27日
5,4,1,2月8日,0,1月26日
30,30,8,2月7日,0,1月25日
7,24,2,2月7日,0,1月24日
4,6,9,2月7日,0,1月23日
8,9,0,2月7日,0,1月22日
15,16,4,2月7日,0,1月21日
5,13,4,2月5日,0,1月20日
11,34,5,2月4日,0,1月19日
25,19,8,2月4日,0,1月18日
13,73,6,2月3日,0,1月17日
15,7,1,2月2日,0,1月16日
8,9,0,2月2日,0,1月15日
17,289,164,2月1日,0,1月14日
28,17,8,1月31日,0,1月13日
11,1,0,1月31日,0,1月12日
23,12,12,1月31日,0,1月11日
58,50,120,1月29日,0,1月10日
16,47,0,1月26日,0,1月9日
14,16,1,1月26日,0,1月8日
13,10,0,1月25日,0,1月7日
12,29,1,1月25日,0,1月6日
13,12,6,1月25日,0,1月5日
8,7,2,1月24日,0,1月4日
8,1,2,1月24日,1770,1月3日
12,21,3,1月24日,0,1月2日
16,24,7,1月23日,0,1月1日
5,9,0,1月23日,,
8,13,5,1月22日,,
2,5,0,1月22日,,
5,44,2,1月22日,,
5,43,1,1月21日,,
12,43,3,1月20日,,
4,14,1,1月19日,,
13,10,5,1月18日,,
47,15,5,1月18日,,
25,32,6,1月17日,,
75,180,2,1月17日,,
5,19,0,1月16日,,
30,59,8,1月16日,,
9,21,3,1月16日,,
14,52,3,1月15日,,
8,10,0,1月15日,,
13,43,0,1月14日,,
12,25,1,1月13日,,
19,21,4,1月12日,,
14,15,2,1月11日,,
12,37,2,1月10日,,
21,36,5,1月10日,,
5,8,1,1月9日,,
12,75,10,1月9日,,
7,24,3,1月8日,,
25,15,3,1月8日,,
14,34,1,1月6日,,
5,13,4,1月5日,,
10,13,4,1月5日,,
11,36,1,1月4日,,
8,15,3,1月4日,,
40,22,8,1月4日,,
7,5,1,1月4日,,
13,9,3,1月3日,,
10,65,6,1月3日,,
189,815,1770,1月3日,,
22,6,1,1月3日,,
10,22,1,1月2日,,
27,15,0,1月2日,,
7,14,4,1月2日,,
14,50,8,1月1日,,
80,43,1,1月1日,,
,,,,,
,,,,,
,,,,,
,,,,,
,,,,,
,,,,,
,,,,,
,,,,,
,,,,,
,,,,,
,,,,,
,,,,,